<?xml version="1.0" encoding="UTF-8"?>
<project-private xmlns="http://www.netbeans.org/ns/project-private/1">
    <editor-bookmarks xmlns="http://www.netbeans.org/ns/editor-bookmarks/2" lastBookmarkId="0"/>
    <open-files xmlns="http://www.netbeans.org/ns/projectui-open-files/2">
        <group>
            <file>file:/C:/Users/Ederson/Documents/GitHub/P.Evol.14/practica3/pevpr3/src/modelo/AlgoritmoGenetico.java</file>
            <file>file:/C:/Users/Ederson/Documents/GitHub/P.Evol.14/practica3/pevpr3/src/modelo/Problema.java</file>
            <file>file:/C:/Users/Ederson/Documents/GitHub/P.Evol.14/practica3/pevpr3/src/util/Nodo.java</file>
            <file>file:/C:/Users/Ederson/Documents/GitHub/P.Evol.14/practica3/pevpr3/src/vista/Interfaz.java</file>
        </group>
    </open-files>
</project-private>
